row,human_label
8004,Bank account or service
8016,Credit reporting
8021,Money transfer or service
8025,Debt collection
8028,Bank account or service
8032,Consumer loan
8037,Credit reporting
8040,Bank account or service
8054,Money transfer or service
8060,Credit reporting
8061,Mortgage
8068,Credit card
8076,Consumer loan
8083,Credit reporting
8095,Bank account or service
8097,Credit reporting
8098,Debt collection
8100,Money transfer or service
8103,Consumer loan
8106,Mortgage
8109,Money transfer or service
8113,Bank account or service
8120,Consumer loan
8126,Debt collection
8143,Mortgage
8154,Bank account or service
8156,Debt collection
8158,Credit reporting
8161,Consumer loan
8163,Credit reporting
8169,Money transfer or service
8176,Credit card
8178,Consumer loan
8179,Money transfer or service
8182,Credit card
8187,Mortgage
8190,Bank account or service
8196,Bank account or service
8203,Money transfer or service
8206,Mortgage
8213,Mortgage
8218,Mortgage
8220,Credit reporting
8227,Money transfer or service
8239,Credit card
8243,Mortgage
8245,Credit reporting
8247,Money transfer or service
8248,Money transfer or service
8249,Bank account or service
8250,Credit reporting
8254,Credit card
8261,Bank account or service
8265,Credit card
8275,Credit card
8281,Bank account or service
8299,Mortgage
8300,Credit reporting
8305,Mortgage
8306,Bank account or service
8314,Bank account or service
8316,Money transfer or service
8323,Credit card
8326,Debt collection
8329,Credit reporting
8334,Mortgage
8343,Mortgage
8344,Debt collection
8356,Mortgage
8357,Credit reporting
8361,Debt collection
8364,Credit reporting
8366,Credit card
8382,Debt collection
8384,Debt collection
8389,Credit reporting
8401,Debt collection
8405,Consumer loan
8417,Credit reporting
8419,Bank account or service
8425,Bank account or service
8440,Credit card
8441,Credit reporting
8456,Bank account or service
8463,Credit card
8469,Bank account or service
8481,Credit reporting
8483,Credit reporting
8485,Debt collection
8490,Consumer loan
8495,Consumer loan
8499,Consumer loan
8500,Money transfer or service
8503,Credit reporting
8506,Consumer loan
8513,Consumer loan
8514,Credit card
8518,Consumer loan
8520,Money transfer or service
8527,Credit card
8535,Credit reporting
8551,Bank account or service
8561,Credit reporting
8562,Credit reporting
8569,Mortgage
8573,Bank account or service
8578,Money transfer or service
8580,Money transfer or service
8584,Bank account or service
8589,Bank account or service
8590,Credit card
8605,Credit reporting
8610,Money transfer or service
8614,Bank account or service
8616,Consumer loan
8625,Mortgage
8632,Credit reporting
8638,Consumer loan
8646,Credit reporting
8649,Money transfer or service
8655,Credit reporting
8660,Money transfer or service
8666,Credit reporting
8675,Money transfer or service
8683,Mortgage
8694,Consumer loan
8695,Bank account or service
8699,Debt collection
8707,Credit reporting
8712,Consumer loan
8715,Debt collection
8717,Mortgage
8722,Credit card
8726,Credit reporting
8736,Mortgage
8742,Credit card
8751,Credit reporting
8756,Debt collection
8757,Mortgage
8758,Consumer loan
8762,Bank account or service
8784,Mortgage
8801,Bank account or service
8805,Credit card
8809,Credit card
8811,Mortgage
8825,Consumer loan
8830,Credit card
8833,Credit reporting
8835,Credit reporting
8838,Debt collection
8846,Money transfer or service
8859,Consumer loan
8860,Credit reporting
8866,Consumer loan
8868,Bank account or service
8871,Money transfer or service
8874,Credit reporting
8878,Money transfer or service
8897,Bank account or service
8899,Consumer loan
8900,Credit reporting
8903,Credit card
8907,Bank account or service
8909,Money transfer or service
8912,Credit reporting
8922,Mortgage
8935,Credit reporting
8939,Consumer loan
8957,Credit card
8964,Bank account or service
8967,Credit card
8970,Debt collection
8974,Mortgage
8993,Mortgage
